Nom;test
Duree min;120
Duree max;210
Date;25/10/2019
;
Debut;Fin
10:20;10:47
10:40;11:22
11:00;11:45
11:10;11:53
11:20;11:55
11:30;12:15
11:40;12:23
11:50;12:34
12:00;12:40
12:10;12:50
12:20;12:56
12:30;12:52
12:30;13:08
12:30;13:25
12:40;13:17
12:40;13:17
12:50;13:27
13:00;13:34
13:10;13:28
13:10;13:42
13:10;13:54
13:20;13:51
13:30;13:59
13:30;13:59
13:40;13:59
13:40;14:08
13:40;14:08
13:40;14:18
13:50;14:18
14:00;14:17
14:00;14:27
14:00;14:38
14:10;14:37
14:30;14:51
18:10;18:37
18:20;18:42
18:30;18:58
18:30;18:58
18:40;19:07
18:50;19:16
19:00;19:17
19:00;19:28
19:00;19:28
19:00;19:42
19:10;19:40
19:20;19:37
19:20;19:45
19:20;19:45
19:20;19:57
19:30;19:47
19:30;19:59
19:30;20:14
19:40;19:57
19:40;20:04
19:40;20:16
19:50;20:08
19:50;20:16
19:50;20:31
20:10;20:28
20:10;20:38
20:10;20:55
20:20;20:48
20:30;20:50
20:30;21:00
20:30;21:13
20:40;21:00
20:40;21:10
20:40;21:10
20:40;21:25
20:50;21:09
20:50;21:18
21:00;21:25
21:10;21:25
21:10;21:25
21:10;21:34
21:10;21:34
21:10;21:34
21:10;21:34
21:20;21:45
21:30;21:46
21:30;21:53
21:30;21:53
21:40;21:57
21:40;21:57
21:40;22:04
21:40;22:04
21:50;22:13
22:10;22:24
22:10;22:34
22:10;22:34
22:20;22:39
22:30;22:46
22:40;22:55
22:40;22:55
22:50;23:12
